question,answer
What skills are needed for data science?,Python SQL statistics machine learning pandas numpy
How to become a data scientist?,Learn Python statistics ML build projects and practice
What is machine learning?,Machine learning allows systems to learn from data and improve automatically
Best language for AI?,Python is most popular for AI
How to start learning AI?,Start with Python then ML then deep learning
What are important ML algorithms?,Linear regression logistic regression decision trees SVM KNN
How to learn deep learning?,Learn neural networks TensorFlow or PyTorch and practice
What skills needed for AI engineer?,Python ML DL math problem solving
How to build ML projects?,Choose dataset train model evaluate and deploy
Best certification for ML?,TensorFlow developer certificate AWS ML specialty
What is NLP?,Natural language processing works with text data
How to become NLP engineer?,Learn Python ML NLP libraries build projects
What is computer vision?,Field of AI dealing with images and videos
How to learn computer vision?,Learn OpenCV CNNs deep learning
What tools for AI?,Python TensorFlow PyTorch scikit-learn
What skills for web development?,HTML CSS JavaScript backend framework database
How to become web developer?,Learn HTML CSS JS then backend
Frontend vs backend?,Frontend UI backend server logic
Best frontend framework?,React is widely used
Best backend framework?,Django Node.js Spring Boot
What is full stack developer?,Handles frontend and backend
How to learn Django?,Learn Python then Django
How to build website?,Design UI create backend connect database
What is REST API?,Interface for communication between systems
What is database?,Stores structured data
SQL vs NoSQL?,SQL structured NoSQL flexible
What skills for cloud computing?,Linux networking virtualization cloud platforms
What is cloud computing?,Delivery of computing services over internet
Top cloud providers?,AWS Azure Google Cloud
How to start cloud career?,Learn AWS basics deploy projects
What is EC2?,Virtual server in AWS
What is S3?,Cloud storage service
What is cloud security?,Protecting cloud resources
What is DevOps?,Combines development and operations
DevOps tools?,Docker Kubernetes Jenkins Git
What is Docker?,Containerization tool
What is Kubernetes?,Container orchestration system
How to learn DevOps?,Linux scripting CI CD tools
What skills for software engineer?,Programming DSA OOPS problem solving
Best language for beginners?,Python
How to prepare for coding interviews?,Practice DSA and mock interviews
What is DSA?,Data structures and algorithms
Best platform for coding practice?,LeetCode HackerRank Codeforces
What is object oriented programming?,Programming using objects and classes
What is Git?,Version control system
Why use GitHub?,Store and share code
What is software testing?,Checking software quality
Manual vs automation testing?,Manual by humans automation by tools
What is cybersecurity?,Protecting systems from attacks
What skills for cybersecurity?,Networking Linux security tools
What is ethical hacking?,Authorized hacking
How to start cybersecurity?,Learn networking Linux security basics
What is penetration testing?,Testing system vulnerabilities
What is bug bounty?,Finding bugs for reward
What skills for data analyst?,Excel SQL Python visualization
What tools for data analysis?,Excel Power BI Tableau Python
Difference data analyst vs scientist?,Analyst analyzes data scientist builds models
What is big data?,Large volume datasets
What is Hadoop?,Big data framework
What is Spark?,Fast big data engine
How to prepare resume?,Highlight skills projects achievements
What should fresher put in resume?,Skills projects education
How to write good resume?,Keep simple and one page
How to get first job?,Build projects internships networking
What is internship?,Practical training program
How to build portfolio?,Create GitHub and projects
What is soft skills?,Communication teamwork
How to improve communication?,Practice speaking reading
What certifications good for cloud?,AWS solutions architect
What certifications good for web?,Meta frontend certificate
How to switch to IT career?,Start learning programming
How much time to learn Python?,2 to 3 months basics
How to stay motivated?,Set goals and practice daily
How to handle interview failure?,Learn and try again
What is freelancing?,Working independently
How to get freelance work?,Build portfolio join platforms
What is remote job?,Work from home job
Best career in tech?,Depends on interest
How to choose domain?,Try basics and see interest
How to learn faster?,Practice daily
What is open source?,Public code collaboration
Why contribute open source?,Gain experience
How to build confidence?,Practice and preparation
